Date,OPEN,HIGH,LOW,Close,VOLUME
23/06/2014 09:10,2135.2,2136,2135.2,2135.6,791
23/06/2014 09:15,2135.6,2136.6,2132.4,2136,9970
23/06/2014 09:20,2135.8,2136.4,2135,2135.8,4471
23/06/2014 09:25,2135.8,2137.6,2135.2,2137.4,5562
23/06/2014 09:30,2137.6,2138,2134.4,2135.8,8781
23/06/2014 09:35,2136,2137.6,2135.4,2136.4,6417
23/06/2014 09:40,2136.8,2143,2136.4,2141.8,20711
23/06/2014 09:45,2143,2148.6,2142.4,2143,28613
23/06/2014 09:50,2143,2146.2,2142.4,2146.2,11056
23/06/2014 09:55,2146.4,2147.2,2138.2,2138.2,18874
23/06/2014 10:00,2138,2138.4,2133.2,2136.6,22036
23/06/2014 10:05,2136.4,2138,2134.6,2134.8,11195
23/06/2014 10:10,2135,2137.8,2135,2136.4,7120
23/06/2014 10:15,2136.8,2137.8,2135.2,2136.8,5656
23/06/2014 10:20,2136.6,2142.8,2136.6,2142.2,15545
23/06/2014 10:25,2142.2,2144.8,2141.8,2143.2,13467
23/06/2014 10:30,2143.2,2143.2,2137.6,2138.8,13971
23/06/2014 10:35,2138.6,2138.8,2135.4,2135.8,11263
23/06/2014 10:40,2135.6,2137.6,2135.4,2136.2,7678
23/06/2014 10:45,2136.4,2137.2,2133.6,2136,11925
23/06/2014 10:50,2135.8,2137,2134.8,2135.4,7076
23/06/2014 10:55,2135.2,2135.4,2129.8,2131,17226
23/06/2014 11:00,2130.4,2133.4,2130.4,2131.6,9612
23/06/2014 11:05,2131.4,2134.2,2130.6,2133.2,7911
23/06/2014 11:10,2133.2,2134.2,2127.8,2128.8,14670
23/06/2014 11:15,2128.8,2134.6,2128.8,2134.2,12256
23/06/2014 11:20,2134.2,2134.8,2132.2,2132.6,8011
23/06/2014 11:25,2132.6,2133.8,2130.4,2132.2,6744
23/06/2014 12:55,2132,2132,2132,2132,89
23/06/2014 13:00,2131.2,2135.2,2131.2,2133.4,9060
23/06/2014 13:05,2133.4,2136.6,2133,2136.2,9820
23/06/2014 13:10,2136.4,2136.4,2134.6,2136,6382
23/06/2014 13:15,2135.8,2136.2,2134.2,2136.2,6630
23/06/2014 13:20,2136.4,2136.8,2134.6,2136.2,7127
23/06/2014 13:25,2136.4,2137.8,2135.4,2136,10904
23/06/2014 13:30,2136,2137.6,2133.8,2137,12388
23/06/2014 13:35,2137,2137.4,2135.2,2137,6411
23/06/2014 13:40,2137,2137.8,2134.2,2134.6,10223
23/06/2014 13:45,2134.6,2135.2,2133.2,2133.2,9603
23/06/2014 13:50,2133,2138.6,2133,2136.8,14548
23/06/2014 13:55,2137,2137.4,2133.6,2134.2,10091
23/06/2014 14:00,2134,2136.4,2133.8,2135.2,6770
23/06/2014 14:05,2135.2,2136.6,2133.6,2133.6,8003
23/06/2014 14:10,2133.4,2133.6,2126.2,2126.2,19840
23/06/2014 14:15,2126.2,2129.4,2126,2126,14279
23/06/2014 14:20,2125.6,2129.2,2125.2,2126,13640
23/06/2014 14:25,2126,2126.6,2123.2,2123.2,15240
23/06/2014 14:30,2123.2,2125.8,2122.2,2125.2,13153
23/06/2014 14:35,2125,2125.6,2123,2124.8,7822
23/06/2014 14:40,2125,2126.8,2123.2,2123.8,9954
23/06/2014 14:45,2124,2125.4,2123.4,2124.6,5841
23/06/2014 14:50,2125,2126.2,2123.8,2124.6,8014
23/06/2014 14:55,2124.8,2125,2123.6,2123.6,5669
23/06/2014 15:00,2123.8,2124.4,2122,2124,9433
23/06/2014 15:05,2123.8,2124.6,2123.6,2124.4,5419
23/06/2014 15:10,2124.4,2125,2123.2,2125,10525
24/06/2014 09:10,2120,2121,2120,2121,960
24/06/2014 09:15,2121,2125.8,2121,2124.6,11080
24/06/2014 09:20,2125,2125.6,2124.4,2125,3848
24/06/2014 09:25,2124.8,2127.4,2124.6,2127.2,5434
24/06/2014 09:30,2127.2,2128.2,2125.2,2127,9247
24/06/2014 09:35,2127,2127.6,2123.8,2124.8,9328
24/06/2014 09:40,2125,2126.8,2124.2,2126.2,6748
24/06/2014 09:45,2126.2,2129.8,2125.2,2129.2,13557
24/06/2014 09:50,2129,2129.8,2127.8,2129.2,9427
24/06/2014 09:55,2129.2,2129.2,2127.4,2128.6,7186
24/06/2014 10:00,2128.4,2129,2127.2,2128.4,5969
24/06/2014 10:05,2128.4,2129,2127.6,2127.6,6026
24/06/2014 10:10,2127.6,2128,2124.8,2124.8,11045
24/06/2014 10:15,2124.6,2125.6,2123.8,2124.6,9344
24/06/2014 10:20,2124.8,2125,2123.4,2124.4,7339
24/06/2014 10:25,2124,2125.2,2124,2124.2,5811
24/06/2014 10:30,2124.4,2128.4,2124.2,2128.2,13599
24/06/2014 10:35,2128.4,2129,2127.6,2127.8,8939
24/06/2014 10:40,2128,2128.4,2126.8,2128.4,7417
24/06/2014 10:45,2128.8,2133,2127.8,2131.8,19543
24/06/2014 10:50,2131.8,2133.6,2130.8,2132.4,11578
24/06/2014 10:55,2132.6,2133.4,2130.8,2132.6,11245
24/06/2014 11:00,2132.4,2134.6,2130.8,2131.4,14522
24/06/2014 11:05,2131.8,2132.8,2130.4,2132.2,7979
24/06/2014 11:10,2132.2,2133,2129.2,2129.4,9351
24/06/2014 11:15,2129.2,2132,2128.2,2131.6,10478
24/06/2014 11:20,2131.6,2136.8,2131.4,2133,22469
24/06/2014 11:25,2133,2136.8,2132.2,2135.8,13321
24/06/2014 12:55,2136.4,2136.4,2136.4,2136.4,146
24/06/2014 13:00,2136.8,2137.8,2135.4,2135.8,10233
24/06/2014 13:05,2135.6,2136,2134.6,2135,6522
24/06/2014 13:10,2135,2136,2133.8,2135.6,8047
24/06/2014 13:15,2135.6,2137,2135.2,2135.6,8617
24/06/2014 13:20,2135.6,2136.6,2134,2136,7819
24/06/2014 13:25,2136,2136.8,2132.8,2132.8,9814
24/06/2014 13:30,2132.6,2134,2131.8,2133.2,11253
24/06/2014 13:35,2133.2,2133.4,2130.8,2131.6,10621
24/06/2014 13:40,2131.8,2132,2126.2,2126.4,22709
24/06/2014 13:45,2126.6,2128.2,2125.4,2126.2,12202
24/06/2014 13:50,2126.2,2127.8,2125.8,2126.6,7978
24/06/2014 13:55,2126.4,2128.2,2125.4,2125.8,10397
24/06/2014 14:00,2126,2128,2126,2126.8,6186
24/06/2014 14:05,2126.4,2129.2,2126.2,2128.2,10784
24/06/2014 14:10,2128.4,2129.6,2127.8,2129,8902
24/06/2014 14:15,2128.8,2133,2128,2132.2,16770
24/06/2014 14:20,2132.2,2132.6,2131.2,2131.8,7552
24/06/2014 14:25,2131.6,2133.4,2131,2132.8,8304
24/06/2014 14:30,2133,2135,2132.4,2134.8,13545
24/06/2014 14:35,2134.6,2138.8,2134.4,2138.2,22289
24/06/2014 14:40,2138.2,2138.6,2134.2,2137.2,16841
24/06/2014 14:45,2137,2137.2,2133.4,2134.4,13108
24/06/2014 14:50,2134.6,2136.4,2134.4,2135,8004
24/06/2014 14:55,2135.2,2135.6,2134.2,2135.2,7453
24/06/2014 15:00,2135.6,2137.2,2135.4,2136.2,8069
24/06/2014 15:05,2136,2136.4,2134.6,2135,6269
24/06/2014 15:10,2134.8,2135.2,2132.2,2134.6,13242
25/06/2014 09:10,2130.8,2131.2,2130.2,2131.2,735
25/06/2014 09:15,2131.2,2133.8,2130.2,2133,9686
25/06/2014 09:20,2133,2133.6,2132.2,2132.2,3117
25/06/2014 09:25,2132,2132.2,2128.2,2128.2,9299
25/06/2014 09:30,2128.4,2130,2125.4,2125.4,15061
25/06/2014 09:35,2125.4,2126.2,2121.6,2124,19077
25/06/2014 09:40,2124.2,2124.4,2120.8,2122.4,12931
25/06/2014 09:45,2122.4,2124,2120,2123.4,12654
25/06/2014 09:50,2123.2,2123.4,2119,2119.6,13429
25/06/2014 09:55,2119.8,2121.6,2116,2116,13855
25/06/2014 10:00,2116.2,2119,2115,2118.2,14482
25/06/2014 10:05,2118.2,2121,2118,2120.2,9555
25/06/2014 10:10,2120.4,2123.4,2119.8,2121.8,12652
25/06/2014 10:15,2122.6,2122.6,2120.6,2121.2,8034
25/06/2014 10:20,2121,2121.6,2117.8,2118.8,9887
25/06/2014 10:25,2118.8,2128.4,2118.6,2127.8,27114
25/06/2014 10:30,2127.2,2127.2,2123.6,2124.2,12066
25/06/2014 10:35,2124.4,2126,2121.2,2122.4,11837
25/06/2014 10:40,2122.4,2126.2,2121.2,2125.6,13427
25/06/2014 10:45,2125.4,2126.2,2122.6,2124,9068
25/06/2014 10:50,2123.8,2124,2120.6,2121.8,10095
25/06/2014 10:55,2122,2124.6,2120.6,2124.4,9594
25/06/2014 11:00,2124.4,2124.4,2120,2123.4,9408
25/06/2014 11:05,2123.4,2123.4,2120.2,2120.8,6056
25/06/2014 11:10,2120.8,2126,2120,2125.4,11165
25/06/2014 11:15,2125.2,2125.2,2121.2,2122,10143
25/06/2014 11:20,2122.2,2123.8,2122,2122.6,4691
25/06/2014 11:25,2122.6,2124.4,2120,2121.4,10028
25/06/2014 12:55,2121.2,2121.6,2121.2,2121.6,71
25/06/2014 13:00,2121.2,2121.8,2118.2,2118.8,10472
25/06/2014 13:05,2118.6,2121.8,2118.4,2121.8,7334
25/06/2014 13:10,2121.6,2123.2,2121.2,2123.2,7680
25/06/2014 13:15,2123.2,2125.8,2122.8,2124.8,12678
25/06/2014 13:20,2124.8,2126,2123.6,2124.8,9520
25/06/2014 13:25,2124.8,2127,2124,2126.8,11715
25/06/2014 13:30,2127,2129,2125.2,2125.8,19643
25/06/2014 13:35,2125.6,2127,2124.2,2126,9649
25/06/2014 13:40,2125.8,2126.8,2125,2126,6050
25/06/2014 13:45,2126,2126.6,2123.4,2123.8,9347
25/06/2014 13:50,2123.8,2125.6,2122.2,2124.6,13848
25/06/2014 13:55,2124.6,2125.2,2123.2,2123.4,5922
25/06/2014 14:00,2123.6,2124,2121.8,2122,9016
25/06/2014 14:05,2122.2,2122.6,2121.4,2122,6541
25/06/2014 14:10,2121.8,2123,2121.4,2122.4,5717
25/06/2014 14:15,2122.4,2124.8,2120.6,2123.8,10542
25/06/2014 14:20,2123.8,2124,2122.8,2123.2,5055
25/06/2014 14:25,2123.2,2124.2,2123.2,2124,4084
25/06/2014 14:30,2124,2124,2121.2,2121.8,7766
25/06/2014 14:35,2121.6,2123.4,2121.6,2122.4,4921
25/06/2014 14:40,2122.4,2125.8,2122.2,2125.4,9634
25/06/2014 14:45,2125.6,2126.2,2125,2126,11482
25/06/2014 14:50,2125.8,2127.4,2125.6,2126.2,10011
25/06/2014 14:55,2126.6,2126.6,2125.6,2126.2,6311
25/06/2014 15:00,2126.6,2126.6,2124.8,2126,6799
25/06/2014 15:05,2126,2126,2124.4,2125,4845
25/06/2014 15:10,2125,2126.4,2124.2,2124.4,9748
26/06/2014 09:10,2128,2128.4,2128,2128.4,418
26/06/2014 09:15,2128.8,2133,2128.8,2131.2,16062
26/06/2014 09:20,2131.2,2132.8,2131,2132,5543
26/06/2014 09:25,2132.2,2136,2131.8,2136,11679
26/06/2014 09:30,2136.2,2139,2134,2138,16942
26/06/2014 09:35,2138.4,2138.6,2135.2,2136.8,12935
26/06/2014 09:40,2136.8,2140.6,2135.8,2139,15512
26/06/2014 09:45,2139,2139.4,2137,2137.8,10840
26/06/2014 09:50,2138,2139.6,2133.4,2135.6,17303
26/06/2014 09:55,2135.4,2139.4,2134.6,2139.4,13638
26/06/2014 10:00,2139.4,2144.6,2139.4,2143,25971
26/06/2014 10:05,2143.2,2144.2,2142,2142.4,9993
26/06/2014 10:10,2142.4,2145,2140.8,2145,14249
26/06/2014 10:15,2144.4,2144.8,2140.8,2142.4,12819
26/06/2014 10:20,2142.6,2146.4,2141.6,2146,13753
26/06/2014 10:25,2146,2146.2,2142.2,2143.6,11823
26/06/2014 10:30,2144,2145.4,2141.6,2142.2,13017
26/06/2014 10:35,2142.2,2143.8,2139.6,2143,14236
26/06/2014 10:40,2142.6,2143.6,2139.6,2139.6,10783
26/06/2014 10:45,2139.6,2139.6,2136.6,2137.2,19728
26/06/2014 10:50,2137.4,2138.2,2132.4,2133,20313
26/06/2014 10:55,2132.6,2135.6,2132.6,2134.2,12253
26/06/2014 11:00,2133.8,2136.8,2133.6,2136.2,10962
26/06/2014 11:05,2136.2,2138.4,2136,2137.8,10645
26/06/2014 11:10,2138,2139.4,2136.4,2138.2,12627
26/06/2014 11:15,2137.8,2141.6,2137.8,2141.4,14606
26/06/2014 11:20,2141.4,2142.2,2140.4,2141,8552
26/06/2014 11:25,2141,2141.6,2139.6,2141,7500
26/06/2014 12:55,2140.6,2140.6,2140.6,2140.6,117
26/06/2014 13:00,2141,2142.8,2140.8,2141.2,8218
26/06/2014 13:05,2141.2,2142.4,2140.6,2141.8,5515
26/06/2014 13:10,2141.6,2142.2,2139.8,2141.6,8041
26/06/2014 13:15,2141.6,2143.8,2141.4,2142.8,10815
26/06/2014 13:20,2142.8,2143,2139,2139.8,10117
26/06/2014 13:25,2139.6,2141.8,2139.6,2141.8,7668
26/06/2014 13:30,2141.6,2142.2,2139.2,2140.2,8913
26/06/2014 13:35,2140.4,2141.8,2139.2,2140.8,7176
26/06/2014 13:40,2140.8,2142.8,2140.4,2142.8,7700
26/06/2014 13:45,2142.4,2144.8,2141,2144.2,10866
26/06/2014 13:50,2144.2,2144.6,2141.2,2141.6,11797
26/06/2014 13:55,2141.8,2144,2141.4,2143.6,7582
26/06/2014 14:00,2143.4,2144.8,2142.4,2144,11847
26/06/2014 14:05,2143.8,2144.2,2140.2,2140.6,10273
26/06/2014 14:10,2140.6,2141.6,2136.8,2139.8,20581
26/06/2014 14:15,2139.6,2141.2,2139.2,2140.4,7401
26/06/2014 14:20,2140.6,2140.8,2137.6,2138,11405
26/06/2014 14:25,2138,2138.6,2136,2136,13190
26/06/2014 14:30,2136.2,2140.2,2136,2138.6,13430
26/06/2014 14:35,2138.6,2140,2138.4,2138.4,6105
26/06/2014 14:40,2138.4,2139.4,2137,2137,7778
26/06/2014 14:45,2137.2,2138,2135.2,2135.6,10613
26/06/2014 14:50,2135.8,2137.4,2135.4,2137,7376
26/06/2014 14:55,2137.4,2137.6,2136,2137,6951
26/06/2014 15:00,2136.6,2137.6,2136.2,2136.6,5903
26/06/2014 15:05,2136.6,2137,2135.8,2136.4,6459
26/06/2014 15:10,2136.2,2137.6,2135.2,2137.6,10746
27/06/2014 09:10,2135.8,2136,2135.6,2135.6,462
27/06/2014 09:15,2134.8,2136.8,2131.6,2135.4,12658
27/06/2014 09:20,2135.4,2135.6,2133,2133,6751
27/06/2014 09:25,2132.8,2134,2132.4,2133,5883
27/06/2014 09:30,2132.4,2133.8,2128.2,2130.2,17309
27/06/2014 09:35,2130,2135.4,2128.8,2134.2,16207
27/06/2014 09:40,2134.4,2134.8,2131.4,2132,9750
27/06/2014 09:45,2132,2133,2130.8,2131.2,7678
27/06/2014 09:50,2131.2,2131.6,2129.4,2131.6,9811
27/06/2014 09:55,2131.6,2131.8,2129,2130,8327
27/06/2014 10:00,2129.8,2133.8,2129.4,2132.6,9057
27/06/2014 10:05,2132.6,2133,2131.4,2132,5641
27/06/2014 10:10,2132.2,2132.2,2130.2,2130.4,6291
27/06/2014 10:15,2130.2,2134.4,2130,2133.6,10983
27/06/2014 10:20,2133.6,2135.4,2133.2,2135.2,10225
27/06/2014 10:25,2135.4,2135.4,2133.2,2133.6,6780
27/06/2014 10:30,2133.6,2135.6,2132,2135.6,9629
27/06/2014 10:35,2135.6,2135.8,2133.2,2133.2,8322
27/06/2014 10:40,2133.2,2134.2,2131.8,2132,8537
27/06/2014 10:45,2132.4,2132.6,2131.2,2131.8,7087
27/06/2014 10:50,2132,2133.6,2131.2,2133,5729
27/06/2014 10:55,2132.8,2134.8,2132.2,2134.2,6755
27/06/2014 11:00,2134.4,2135,2133.2,2133.4,7558
27/06/2014 11:05,2133.6,2134.2,2131.4,2132.4,8746
27/06/2014 11:10,2132,2133,2131.4,2131.4,6900
27/06/2014 11:15,2131.2,2132.4,2131.2,2132,4967
27/06/2014 11:20,2132,2133,2131.4,2131.4,5293
27/06/2014 11:25,2131.8,2134,2131,2133,8125
27/06/2014 12:55,2133,2133.6,2133,2133.6,281
27/06/2014 13:00,2133.2,2134.8,2133.2,2134.4,6110
27/06/2014 13:05,2134.6,2139,2134.4,2138.4,19893
27/06/2014 13:10,2138.6,2141.8,2137.8,2141.8,17390
27/06/2014 13:15,2141.6,2141.6,2139.6,2141.2,11090
27/06/2014 13:20,2141.2,2143.2,2140.8,2142,15161
27/06/2014 13:25,2142.2,2143.2,2141,2142,9789
27/06/2014 13:30,2142,2142.6,2140.4,2141.2,9094
27/06/2014 13:35,2141.2,2144.4,2141,2142.2,11196
27/06/2014 13:40,2142,2147.6,2141.2,2147.6,15698
27/06/2014 13:45,2147.2,2148,2143.8,2145,18866
27/06/2014 13:50,2145,2147.6,2144,2147.6,12632
27/06/2014 13:55,2147.4,2153,2146.4,2152,28674
27/06/2014 14:00,2152,2155.4,2151.4,2153,20032
27/06/2014 14:05,2153,2153.6,2150.8,2152,11253
27/06/2014 14:10,2152,2152.4,2147.2,2147.8,20834
27/06/2014 14:15,2147.4,2148.8,2146,2147,13037
27/06/2014 14:20,2146.8,2147.6,2145,2147.6,12219
27/06/2014 14:25,2147.4,2147.6,2142.2,2143,18999
27/06/2014 14:30,2143.2,2143.8,2141.2,2141.2,10926
27/06/2014 14:35,2141.6,2143.8,2141.2,2143.2,8450
27/06/2014 14:40,2143.2,2143.8,2141.8,2142,7059
27/06/2014 14:45,2141.8,2142.8,2141.6,2142,6968
27/06/2014 14:50,2142,2143.4,2140.2,2140.2,10755
27/06/2014 14:55,2140.2,2141.4,2140.2,2141,5823
27/06/2014 15:00,2140.8,2141.4,2140,2140,7062
27/06/2014 15:05,2139.8,2141.4,2138.6,2140.6,8975
27/06/2014 15:10,2140.8,2143.2,2140.8,2143.2,11472
30/06/2014 09:10,2144,2145.2,2144,2145.2,731
30/06/2014 09:15,2144.4,2150.8,2144.4,2149.8,15152
30/06/2014 09:20,2149.6,2150.6,2149,2149.2,6282
30/06/2014 09:25,2149.4,2153.4,2148.8,2152.4,9370
30/06/2014 09:30,2152.8,2154.2,2150.6,2153.6,11304
30/06/2014 09:35,2153.8,2153.8,2151,2153.6,9151
30/06/2014 09:40,2153.6,2154.6,2151.4,2152,11719
30/06/2014 09:45,2152,2153.2,2150.4,2151.8,10418
30/06/2014 09:50,2152.2,2152.2,2148.8,2149.6,11963
30/06/2014 09:55,2149.6,2151.4,2148.4,2150.4,9827
30/06/2014 10:00,2150.4,2162.4,2150,2161.6,37267
30/06/2014 10:05,2161.4,2163.8,2160.6,2162.4,14569
30/06/2014 10:10,2162.8,2162.8,2158.4,2161,13802
30/06/2014 10:15,2161.2,2162.6,2159.8,2162,8228
30/06/2014 10:20,2162,2162.2,2157.2,2157.6,10796
30/06/2014 10:25,2157.6,2157.8,2153.6,2153.6,20812
30/06/2014 10:30,2153,2155.2,2151,2154.4,16019
30/06/2014 10:35,2154.4,2157.6,2154.4,2156.4,11730
30/06/2014 10:40,2156.6,2159.6,2156,2159.6,9469
30/06/2014 10:45,2159.8,2161.2,2156.6,2157.6,12780
30/06/2014 10:50,2157.8,2158.8,2155.2,2155.6,9588
30/06/2014 10:55,2155.4,2160.2,2154.6,2159,12976
30/06/2014 11:00,2159.2,2160.4,2158.2,2160.4,8026
30/06/2014 11:05,2160.2,2160.4,2156.2,2156.2,7990
30/06/2014 11:10,2156.4,2159.4,2155.8,2158.4,9433
30/06/2014 11:15,2158.4,2159,2155.8,2157.8,6886
30/06/2014 11:20,2157.8,2165.8,2157.6,2163,27993
30/06/2014 11:25,2163,2163.4,2160.8,2160.8,9306
30/06/2014 12:55,2161,2161.2,2161,2161.2,116
30/06/2014 13:00,2161.2,2162,2156.8,2158,13621
30/06/2014 13:05,2157.8,2158.4,2156.8,2157.6,7704
30/06/2014 13:10,2157.6,2158.4,2156.4,2157.2,7029
30/06/2014 13:15,2157,2158.2,2153.6,2157.2,17829
30/06/2014 13:20,2157.2,2158.4,2155.4,2155.8,8711
30/06/2014 13:25,2155.8,2158.2,2155.8,2155.8,7246
30/06/2014 13:30,2155.8,2161.4,2155.4,2160.4,17599
30/06/2014 13:35,2160,2160.2,2156.2,2157.8,10537
30/06/2014 13:40,2157.6,2158,2156.4,2157.4,5666
30/06/2014 13:45,2157,2159.2,2156.4,2158,8726
30/06/2014 13:50,2158,2158,2155.8,2156,7134
30/06/2014 13:55,2156.2,2157.2,2154.4,2155.8,10676
30/06/2014 14:00,2155.4,2156.2,2154,2154.2,9403
30/06/2014 14:05,2153.8,2155,2152.6,2154,11699
30/06/2014 14:10,2153.8,2155.2,2153.4,2154.4,6067
30/06/2014 14:15,2154.4,2155.8,2153.6,2155,8817
30/06/2014 14:20,2155.2,2156.2,2154.4,2154.6,6715
30/06/2014 14:25,2154.4,2155.6,2153.2,2153.2,7589
30/06/2014 14:30,2153.2,2153.2,2150.2,2151.6,17141
30/06/2014 14:35,2151.8,2154,2151.6,2153.2,9643
30/06/2014 14:40,2153.2,2155,2152.8,2154.8,7905
30/06/2014 14:45,2154.6,2155,2153.6,2154.8,6367
30/06/2014 14:50,2154.6,2156.2,2154.6,2155.2,9289
30/06/2014 14:55,2154.8,2155.4,2153.8,2154.4,6230
30/06/2014 15:00,2154.4,2155,2153.6,2154,4997
30/06/2014 15:05,2154,2155,2153.6,2154.8,5556
30/06/2014 15:10,2154.8,2154.8,2153,2153.8,11141
01/07/2014 09:10,2157.8,2158.2,2157.8,2158.2,669
01/07/2014 09:15,2159.4,2164.8,2159.4,2163.4,18108
01/07/2014 09:20,2163.6,2170,2163,2167,18953
01/07/2014 09:25,2167,2168,2164,2167.2,10448
01/07/2014 09:30,2167.4,2168.6,2162.2,2164.8,16161
01/07/2014 09:35,2164.8,2165.4,2156.2,2156.2,20970
01/07/2014 09:40,2156.2,2157.2,2153,2154.6,21429
01/07/2014 09:45,2154.4,2156.8,2154.4,2155,9012
01/07/2014 09:50,2155,2157.4,2154.6,2155.8,9104
01/07/2014 09:55,2155.4,2157.4,2154,2157.4,8968
01/07/2014 10:00,2157.4,2159,2157,2157.4,11400
01/07/2014 10:05,2157.2,2157.2,2155,2156.2,8236
01/07/2014 10:10,2156.2,2157.2,2155,2155.6,6236
01/07/2014 10:15,2155.8,2156.6,2151.8,2152.2,14090
01/07/2014 10:20,2152,2154.6,2152,2154.6,8242
01/07/2014 10:25,2154.6,2156,2153.4,2155.2,8040
01/07/2014 10:30,2155.4,2156.4,2154.2,2154.8,7170
01/07/2014 10:35,2154.8,2155.8,2154.6,2154.6,4390
01/07/2014 10:40,2154.4,2155.4,2153,2154.4,7128
01/07/2014 10:45,2154.6,2155.4,2153,2153.4,6686
01/07/2014 10:50,2153.4,2156,2153.2,2155.4,6697
01/07/2014 10:55,2155.2,2156.8,2154.6,2156.2,8488
01/07/2014 11:00,2156,2158.4,2155,2158,11313
01/07/2014 11:05,2158,2158.2,2156.6,2156.8,6881
01/07/2014 11:10,2156.6,2158,2155.8,2156.8,6945
01/07/2014 11:15,2156.6,2156.8,2151.4,2152.8,17374
01/07/2014 11:20,2152.6,2153,2146.8,2149.4,22050
01/07/2014 11:25,2149.4,2152.4,2149.2,2149.4,9242
01/07/2014 12:55,2149.4,2149.4,2149.4,2149.4,51
01/07/2014 13:00,2149.2,2151,2148.6,2149.8,6887
01/07/2014 13:05,2149.8,2151.8,2149.4,2150.4,6406
01/07/2014 13:10,2150.6,2151.6,2149.6,2150.2,5394
01/07/2014 13:15,2150.2,2151.2,2148.4,2150.4,9278
01/07/2014 13:20,2150.4,2150.8,2148.6,2150,5220
01/07/2014 13:25,2149.8,2150.6,2146,2147,15559
01/07/2014 13:30,2147,2149.2,2147,2148.2,6944
01/07/2014 13:35,2148.4,2149.6,2148.2,2148.4,5464
01/07/2014 13:40,2148.6,2149.6,2148.2,2149,4214
01/07/2014 13:45,2149.2,2152.2,2148.8,2151.4,12160
01/07/2014 13:50,2151.4,2152,2150.8,2151.8,6631
01/07/2014 13:55,2151.8,2152,2150.8,2151.6,6080
01/07/2014 14:00,2151.8,2153.4,2151,2152.8,9613
01/07/2014 14:05,2153,2153.2,2149.8,2151.4,10844
01/07/2014 14:10,2151.4,2152.4,2150.6,2152,6213
01/07/2014 14:15,2152,2153,2151.2,2152,6074
01/07/2014 14:20,2152,2152,2149.8,2151,7965
01/07/2014 14:25,2151,2152.6,2150.6,2152.2,5240
01/07/2014 14:30,2152.4,2154.6,2152,2152.2,12940
01/07/2014 14:35,2152.2,2153.6,2152,2153.2,6137
01/07/2014 14:40,2153.2,2153.6,2152.4,2152.8,6235
01/07/2014 14:45,2153,2153,2151,2151.8,7991
01/07/2014 14:50,2151.6,2153.4,2151.6,2153.2,6192
01/07/2014 14:55,2153,2154.2,2152.6,2154,7137
01/07/2014 15:00,2153.8,2156.6,2153.8,2156.2,12851
01/07/2014 15:05,2156.2,2156.4,2155,2156,6228
01/07/2014 15:10,2156.2,2156.8,2153.4,2153.4,10851
02/07/2014 09:10,2158,2158,2158,2158,968
02/07/2014 09:15,2158,2164.6,2156.2,2159.2,22183
02/07/2014 09:20,2159.4,2159.6,2157.2,2157.2,6355
02/07/2014 09:25,2157.4,2157.4,2155.2,2156.8,8188
02/07/2014 09:30,2156.6,2157.8,2154.4,2154.6,9326
02/07/2014 09:35,2154.8,2155.4,2153.2,2155,9450
02/07/2014 09:40,2155,2156.6,2154.8,2155.6,8271
02/07/2014 09:45,2156,2156,2154,2154.8,6386
02/07/2014 09:50,2154.8,2156.2,2153.6,2153.6,6648
02/07/2014 09:55,2153.6,2154.8,2152.8,2154,8013
02/07/2014 10:00,2153.8,2160,2153.8,2159.4,21192
02/07/2014 10:05,2159.2,2159.4,2158,2158.4,9432
02/07/2014 10:10,2158.2,2162.8,2157.8,2162,16430
02/07/2014 10:15,2162,2163.6,2160.4,2160.4,13409
02/07/2014 10:20,2160.4,2160.6,2158.4,2159,11738
02/07/2014 10:25,2158.8,2160,2157.2,2159.8,11961
02/07/2014 10:30,2159.8,2159.8,2157.6,2158,6582
02/07/2014 10:35,2157.8,2158.4,2156.4,2157.6,10267
02/07/2014 10:40,2157.6,2158.4,2155.4,2155.6,9873
02/07/2014 10:45,2155.8,2158.2,2155.6,2158,6766
02/07/2014 10:50,2158,2158.2,2156,2156.4,5945
02/07/2014 10:55,2156.4,2156.8,2151.6,2151.6,20703
02/07/2014 11:00,2151.8,2152.4,2150,2150,13225
02/07/2014 11:05,2150.2,2150.2,2145.4,2147.2,23034
02/07/2014 11:10,2147,2149,2146.6,2147,10486
02/07/2014 11:15,2147.2,2148.4,2143.4,2146.2,16289
02/07/2014 11:20,2146,2146.8,2144.4,2146.4,10160
02/07/2014 11:25,2146.2,2150.6,2146,2149.8,11733
02/07/2014 12:55,2149.6,2149.6,2149.6,2149.6,94
02/07/2014 13:00,2150.4,2151.6,2148.4,2151.6,8541
02/07/2014 13:05,2151.2,2151.6,2150,2151.2,9156
02/07/2014 13:10,2151.4,2152.6,2151,2151.2,11301
02/07/2014 13:15,2151.2,2152.2,2150.8,2151.6,7100
02/07/2014 13:20,2151.4,2153,2151,2151,9319
02/07/2014 13:25,2151,2153,2150.4,2152.8,9108
02/07/2014 13:30,2152.8,2154.8,2152.2,2152.6,14231
02/07/2014 13:35,2152.8,2153.6,2151.6,2152,6662
02/07/2014 13:40,2152,2152.4,2150.2,2150.8,10285
02/07/2014 13:45,2150.4,2153.4,2149.8,2153.2,9785
02/07/2014 13:50,2153.4,2156,2153,2154.6,15087
02/07/2014 13:55,2154.6,2155.4,2153.2,2155.4,9716
02/07/2014 14:00,2155.4,2158,2154.6,2157.6,18512
02/07/2014 14:05,2157.6,2158,2155.6,2155.8,11101
02/07/2014 14:10,2155.8,2157.4,2155.2,2157.4,8500
02/07/2014 14:15,2157.6,2160,2156.2,2159.6,17585
02/07/2014 14:20,2159.4,2160.8,2158.4,2159.6,12583
02/07/2014 14:25,2159.4,2159.6,2156.6,2156.6,11897
02/07/2014 14:30,2156.6,2158.4,2156,2158.4,9730
02/07/2014 14:35,2158.4,2161,2157.6,2160.8,14446
02/07/2014 14:40,2160.8,2160.8,2158,2159,9773
02/07/2014 14:45,2159,2159.4,2157,2157.2,8393
02/07/2014 14:50,2157.2,2161.2,2157.2,2161,14259
02/07/2014 14:55,2161,2161.8,2160.2,2161.8,9847
02/07/2014 15:00,2161.8,2163,2161.6,2162,12309
02/07/2014 15:05,2161.8,2162.2,2160.6,2162,7867
02/07/2014 15:10,2162,2164.2,2159.8,2159.8,14313
03/07/2014 09:10,2166.4,2167,2166,2167,817
03/07/2014 09:15,2166.6,2168,2162.4,2162.4,14118
03/07/2014 09:20,2162.2,2163.2,2161,2161.4,6822
03/07/2014 09:25,2161.4,2161.8,2159.2,2159.2,11373
03/07/2014 09:30,2159.2,2160.6,2158.2,2158.4,10695
03/07/2014 09:35,2158.2,2160.4,2157.6,2160.2,10098
03/07/2014 09:40,2160.4,2161,2158.6,2158.8,8699
03/07/2014 09:45,2159,2163.4,2158.6,2162.6,15047
03/07/2014 09:50,2162.6,2164,2162.4,2163.6,9932
03/07/2014 09:55,2163.8,2164,2161.6,2163,9012
03/07/2014 10:00,2163,2165.6,2162.8,2165.6,13404
03/07/2014 10:05,2165.6,2167.4,2165,2165.6,15859
03/07/2014 10:10,2165.8,2166.2,2162,2163.6,13918
03/07/2014 10:15,2163.6,2164.2,2162.6,2164.2,7298
03/07/2014 10:20,2164.2,2166.8,2163.8,2166.4,10567
03/07/2014 10:25,2166.2,2166.6,2164.2,2164.2,10184
03/07/2014 10:30,2164.4,2165.4,2162,2162.4,12143
03/07/2014 10:35,2162.2,2163,2160.4,2160.8,12725
03/07/2014 10:40,2160.8,2164.6,2160.4,2164.2,10738
03/07/2014 10:45,2164.2,2166,2163.2,2165.6,11095
03/07/2014 10:50,2165.4,2166,2164.6,2165.8,8965
03/07/2014 10:55,2165.8,2172.8,2165,2172.8,28515
03/07/2014 11:00,2172.8,2177,2172.2,2173.6,32251
03/07/2014 11:05,2174,2174.4,2166.8,2170.4,23323
03/07/2014 11:10,2170.6,2170.6,2166.2,2166.2,13437
03/07/2014 11:15,2166,2168.6,2164.6,2168,19535
03/07/2014 11:20,2167.8,2169.6,2167.4,2167.6,8179
03/07/2014 11:25,2167.8,2171.8,2167,2171.2,12830
03/07/2014 12:55,2171,2171.4,2171,2171.4,88
03/07/2014 13:00,2171.2,2171.2,2168.6,2169.6,8166
03/07/2014 13:05,2169.8,2169.8,2167,2167.2,8211
03/07/2014 13:10,2167.2,2170.6,2166.8,2170.6,9533
03/07/2014 13:15,2170.4,2172,2169.6,2171.6,8107
03/07/2014 13:20,2171.8,2172,2170.6,2171.2,8189
03/07/2014 13:25,2171.2,2172.6,2169,2169.6,11900
03/07/2014 13:30,2170,2173.4,2169.6,2172.8,10748
03/07/2014 13:35,2172.4,2174.8,2171.4,2173.4,11094
03/07/2014 13:40,2173.4,2176.4,2173.2,2173.4,15880
03/07/2014 13:45,2173.2,2175.6,2172.6,2175.2,10912
03/07/2014 13:50,2175.2,2176,2172.2,2174.8,14118
03/07/2014 13:55,2174.8,2179,2173.4,2174.8,17491
03/07/2014 14:00,2175,2175,2171.6,2173,16843
03/07/2014 14:05,2173,2173.8,2169.2,2170.8,18563
03/07/2014 14:10,2170.8,2171.6,2169.6,2169.8,9319
03/07/2014 14:15,2169.4,2170,2167.2,2168.2,18109
03/07/2014 14:20,2168.2,2169.4,2166.2,2168.2,10848
03/07/2014 14:25,2168.4,2169.8,2167.2,2167.8,9331
03/07/2014 14:30,2167.6,2168.4,2165.8,2167,12793
03/07/2014 14:35,2167,2169.2,2167,2168.6,6761
03/07/2014 14:40,2168.6,2168.8,2167.4,2167.6,4925
03/07/2014 14:45,2167.4,2168,2166.2,2167.8,7234
03/07/2014 14:50,2168,2169.2,2167.4,2168.8,7295
03/07/2014 14:55,2168.6,2169,2167.4,2167.8,5593
03/07/2014 15:00,2167.8,2168.2,2167.2,2167.4,4960
03/07/2014 15:05,2167.4,2168.6,2167,2168.4,6579
03/07/2014 15:10,2168.4,2169,2166.8,2168,10395
04/07/2014 09:10,2170.4,2171.6,2170.4,2171.6,1030
04/07/2014 09:15,2171.2,2171.2,2164.8,2168.6,13994
04/07/2014 09:20,2168.8,2169.8,2168.2,2169,6080
04/07/2014 09:25,2169,2170.2,2168.6,2170,4783
04/07/2014 09:30,2170.4,2172.8,2169.2,2172,11663
04/07/2014 09:35,2172,2172.2,2169.6,2171.6,9654
04/07/2014 09:40,2171.6,2171.8,2165,2165,19355
04/07/2014 09:45,2164.8,2166.6,2163,2165.8,18606
04/07/2014 09:50,2165.6,2168.8,2165.4,2168,10222
04/07/2014 09:55,2168,2170,2167.2,2167.8,10179
04/07/2014 10:00,2168,2169.8,2166.6,2167.8,11244
04/07/2014 10:05,2167.6,2168,2166,2167,7779
04/07/2014 10:10,2167,2167.6,2166,2167.2,5968
04/07/2014 10:15,2167,2167.6,2165,2165.2,9130
04/07/2014 10:20,2165.2,2166,2163.4,2165,11579
04/07/2014 10:25,2165,2166.2,2164.4,2166,6175
04/07/2014 10:30,2165.8,2166.8,2164.2,2166.4,8084
04/07/2014 10:35,2166.6,2167.8,2165.2,2167,7956
04/07/2014 10:40,2167.2,2167.4,2165.6,2165.8,6769
04/07/2014 10:45,2165.8,2166,2163.2,2163.8,10624
04/07/2014 10:50,2163.8,2165.4,2163.8,2165,5374
04/07/2014 10:55,2164.6,2167.8,2164.4,2167.4,10499
04/07/2014 11:00,2167.8,2167.8,2166.2,2166.8,7948
04/07/2014 11:05,2166.8,2167.2,2165.6,2166.8,6034
04/07/2014 11:10,2166.6,2167,2164.2,2165,9343
04/07/2014 11:15,2165,2165.8,2163.6,2164.2,6835
04/07/2014 11:20,2164.2,2165.4,2163.4,2164.8,6794
04/07/2014 11:25,2164.8,2165,2164,2164.8,4443
04/07/2014 12:55,2164.8,2164.8,2164.2,2164.2,184
04/07/2014 13:00,2164.4,2165,2161,2162.2,14339
04/07/2014 13:05,2162.6,2163.6,2161.4,2163,7642
04/07/2014 13:10,2163,2164,2162.6,2163,5718
04/07/2014 13:15,2163,2163.6,2162.6,2163.6,3507
04/07/2014 13:20,2163.6,2164.6,2163.6,2164.6,6231
04/07/2014 13:25,2164.4,2165.8,2164.2,2165.6,8974
04/07/2014 13:30,2165.6,2166.4,2165.2,2165.6,7977
04/07/2014 13:35,2165.8,2166.6,2165,2165.6,7167
04/07/2014 13:40,2165.4,2165.6,2164.2,2165.6,6787
04/07/2014 13:45,2165.4,2167.6,2165.4,2167,12072
04/07/2014 13:50,2167,2167.4,2165.8,2166.6,6351
04/07/2014 13:55,2166.6,2167.2,2165.2,2165.2,7653
04/07/2014 14:00,2165.2,2168.4,2165.2,2168,12973
04/07/2014 14:05,2168,2169,2167.2,2167.8,8266
04/07/2014 14:10,2168,2168.8,2167.2,2168.4,7203
04/07/2014 14:15,2168.4,2169.6,2168.2,2168.4,10215
04/07/2014 14:20,2168.4,2168.8,2167,2168,8429
04/07/2014 14:25,2167.8,2168.6,2166.2,2167,11185
04/07/2014 14:30,2166.8,2167,2165.2,2165.4,9298
04/07/2014 14:35,2165.6,2165.6,2164.2,2165.2,9766
04/07/2014 14:40,2165.4,2166.2,2164.8,2166.2,6525
04/07/2014 14:45,2166.2,2166.4,2165.4,2165.6,4840
04/07/2014 14:50,2165.6,2166.2,2164.8,2165.6,4752
04/07/2014 14:55,2165.4,2165.8,2165.2,2165.4,3424
04/07/2014 15:00,2165.4,2167.2,2165.4,2167,7259
04/07/2014 15:05,2166.8,2167.8,2166.4,2167.4,6457
04/07/2014 15:10,2167.6,2167.8,2166,2166.6,10184
07/07/2014 09:10,2167,2167.8,2167,2167,510
07/07/2014 09:15,2167,2167,2162.6,2164.2,10099
07/07/2014 09:20,2164,2164.8,2163.2,2163.6,3957
07/07/2014 09:25,2163.4,2164.2,2159.4,2162,12295
07/07/2014 09:30,2161.2,2164.4,2161.2,2164.4,8534
07/07/2014 09:35,2164.4,2166.6,2164.2,2165.4,10908
07/07/2014 09:40,2165.6,2169,2165,2168.6,15871
07/07/2014 09:45,2168.6,2173,2168,2173,21087
07/07/2014 09:50,2173.2,2174.2,2170.2,2171.6,15194
07/07/2014 09:55,2171.8,2172.6,2169.4,2169.8,11843
07/07/2014 10:00,2169.6,2173.2,2169.4,2172.8,10827
07/07/2014 10:05,2172.8,2172.8,2170,2170.8,8992
07/07/2014 10:10,2170.8,2171,2168.2,2169.6,11292
07/07/2014 10:15,2169.6,2169.8,2166.4,2166.8,13607
07/07/2014 10:20,2166.4,2168.6,2166.4,2168,8480
07/07/2014 10:25,2168,2168.2,2165.2,2167.4,11228
07/07/2014 10:30,2167.6,2169,2167,2169,8670
07/07/2014 10:35,2169.2,2169.4,2166.2,2166.6,7472
07/07/2014 10:40,2166.6,2168.2,2166.4,2166.4,5419
07/07/2014 10:45,2166.4,2167.4,2165.4,2165.8,7589
07/07/2014 10:50,2165.8,2167.6,2164.6,2166.6,8846
07/07/2014 10:55,2166.8,2168.6,2166.8,2168,7690
07/07/2014 11:00,2168.4,2168.4,2165.6,2165.6,6423
07/07/2014 11:05,2165.6,2167.6,2165.4,2166.6,5578
07/07/2014 11:10,2166.8,2167.4,2165.6,2166.2,4340
07/07/2014 11:15,2166.2,2166.2,2161.4,2161.6,18748
07/07/2014 11:20,2161.4,2161.4,2158,2159.4,23967
07/07/2014 11:25,2159.2,2162.4,2158.8,2159,12278
07/07/2014 12:55,2159.6,2159.6,2159.4,2159.4,477
07/07/2014 13:00,2159.8,2161.6,2159.6,2161.2,6364
07/07/2014 13:05,2160.8,2161.6,2160.2,2160.8,4194
07/07/2014 13:10,2160.8,2163.2,2160.8,2162.4,8022
07/07/2014 13:15,2162.2,2163,2162,2162.6,6178
07/07/2014 13:20,2162.2,2163,2161,2162.2,7313
07/07/2014 13:25,2162,2162.8,2161.4,2162.8,4571
07/07/2014 13:30,2162.6,2163.4,2160,2160.2,9485
07/07/2014 13:35,2160.4,2161.8,2160.2,2160.6,5496
07/07/2014 13:40,2161,2164.6,2160.6,2164.4,10918
07/07/2014 13:45,2164.2,2164.4,2163.2,2163.4,6617
07/07/2014 13:50,2163.6,2164.4,2162.2,2163,7516
07/07/2014 13:55,2163.2,2163.2,2161.4,2161.8,6539
07/07/2014 14:00,2161.8,2162.8,2161.6,2162.8,4795
07/07/2014 14:05,2162.8,2163.8,2162.2,2163,5739
07/07/2014 14:10,2162.8,2163.2,2161.2,2162.6,5833
07/07/2014 14:15,2162.6,2165,2162.4,2164.4,10363
07/07/2014 14:20,2164.2,2165.8,2164,2164,9806
07/07/2014 14:25,2164.4,2165.4,2163.6,2164.2,7307
07/07/2014 14:30,2164.2,2164.6,2163,2164,6916
07/07/2014 14:35,2164,2165,2163.4,2164.6,5602
07/07/2014 14:40,2164.6,2164.6,2162.8,2163.8,6773
07/07/2014 14:45,2163.4,2164,2162.6,2163.2,4954
07/07/2014 14:50,2163,2164,2163,2163.8,4845
07/07/2014 14:55,2163.8,2164,2163,2163.6,4225
07/07/2014 15:00,2163.4,2164.8,2163.4,2164.8,6942
07/07/2014 15:05,2164.6,2165.2,2164,2164.6,6481
07/07/2014 15:10,2164.4,2164.6,2163,2164,9787
08/07/2014 09:10,2163,2163.2,2162.6,2162.6,538
08/07/2014 09:15,2162,2162.2,2159.4,2161.8,10207
08/07/2014 09:20,2161.8,2162,2160.2,2160.8,6029
08/07/2014 09:25,2161,2161,2158.2,2159.6,9313
08/07/2014 09:30,2159.2,2161.4,2159,2161,5930
08/07/2014 09:35,2160.6,2164,2160.2,2163.2,10389
08/07/2014 09:40,2163.6,2164.6,2162.8,2163.6,10514
08/07/2014 09:45,2163.6,2163.6,2161.6,2161.8,7356
08/07/2014 09:50,2161.8,2162.6,2159.4,2160.6,10474
08/07/2014 09:55,2160.6,2161,2159.2,2159.2,8269
08/07/2014 10:00,2159.2,2161.4,2159,2161.4,7721
08/07/2014 10:05,2161.2,2161.4,2155,2155,21720
08/07/2014 10:10,2155,2155.6,2152.2,2152.2,17656
08/07/2014 10:15,2151.8,2154.4,2151.6,2153.6,12188
08/07/2014 10:20,2153.8,2154.6,2153.2,2154,6409
08/07/2014 10:25,2153.8,2155,2153,2154,6264
08/07/2014 10:30,2153.8,2155,2151,2154.8,13270
08/07/2014 10:35,2154.8,2156.6,2154.4,2155,11219
08/07/2014 10:40,2155,2155.8,2153,2155.2,7385
08/07/2014 10:45,2155.4,2155.4,2153.2,2153.2,6090
08/07/2014 10:50,2153.2,2155,2152.4,2153.8,7922
08/07/2014 10:55,2153.6,2154.4,2152.4,2154.4,5968
08/07/2014 11:00,2154.2,2154.4,2152.6,2153.4,5502
08/07/2014 11:05,2153.6,2155.6,2153,2154.8,7924
08/07/2014 11:10,2155,2156.4,2154.6,2156.4,9796
08/07/2014 11:15,2156.4,2159.4,2156.2,2159.2,19642
08/07/2014 11:20,2159.2,2162.6,2158.8,2161.6,21135
08/07/2014 11:25,2161.4,2161.8,2159.8,2160.8,11077
08/07/2014 12:55,2160.8,2161,2160.8,2161,175
08/07/2014 13:00,2161.4,2161.8,2160.2,2161,6932
08/07/2014 13:05,2161.4,2162,2160.4,2161.6,6221
08/07/2014 13:10,2161.8,2162.4,2160.8,2162.2,6890
08/07/2014 13:15,2162.4,2164.4,2161.2,2161.6,13097
08/07/2014 13:20,2161.6,2162,2160.6,2161,6847
08/07/2014 13:25,2161,2163.4,2160.8,2163.4,8083
08/07/2014 13:30,2163.4,2167.4,2162.6,2166.6,19825
08/07/2014 13:35,2166.4,2166.6,2163.8,2163.8,10891
08/07/2014 13:40,2163.6,2164.6,2163,2164.6,8213
08/07/2014 13:45,2164.6,2164.6,2161.4,2162.2,10522
08/07/2014 13:50,2162.4,2164.4,2161.8,2164.4,7902
08/07/2014 13:55,2164.4,2166,2164.4,2165.8,11393
08/07/2014 14:00,2165.8,2166,2164.2,2164.4,8519
08/07/2014 14:05,2164.6,2165.8,2163,2165,10233
08/07/2014 14:10,2165,2165.4,2163.2,2164.4,6963
08/07/2014 14:15,2164.2,2166.4,2163.4,2165.6,9045
08/07/2014 14:20,2165.8,2167.2,2164.4,2165.2,9681
08/07/2014 14:25,2165.4,2166.6,2164.8,2166,7712
08/07/2014 14:30,2165.6,2167.2,2164,2164.4,11528
08/07/2014 14:35,2164.2,2164.8,2163.2,2163.4,9639
08/07/2014 14:40,2163.8,2164.8,2163.2,2164.4,7227
08/07/2014 14:45,2164.2,2164.2,2163,2163.4,6668
08/07/2014 14:50,2163.6,2165,2163.4,2164.6,7441
08/07/2014 14:55,2164.8,2165.8,2164.6,2165.6,6884
08/07/2014 15:00,2165.2,2168.6,2165.2,2168,16482
08/07/2014 15:05,2168,2168.2,2167.2,2167.6,6182
08/07/2014 15:10,2167.6,2168.6,2165.6,2165.6,13548
09/07/2014 09:10,2165.6,2166,2165.6,2166,904
09/07/2014 09:15,2166.6,2167.8,2164.2,2166.2,11945
09/07/2014 09:20,2165.8,2167,2165,2166.4,5163
09/07/2014 09:25,2166.2,2166.6,2164.8,2165.4,5391
09/07/2014 09:30,2165.6,2166.4,2164.4,2166.2,7014
09/07/2014 09:35,2166.4,2167.4,2165,2165,8047
09/07/2014 09:40,2165,2165.6,2161.6,2161.8,13614
09/07/2014 09:45,2162,2162.6,2160.2,2162.2,14473
09/07/2014 09:50,2162.2,2164.2,2162,2164,8651
09/07/2014 09:55,2163.8,2164.2,2162.2,2163,6293
09/07/2014 10:00,2162.8,2163.4,2161,2163,8531
09/07/2014 10:05,2163.2,2167.4,2162.8,2166.4,14913
09/07/2014 10:10,2166.4,2166.6,2163.2,2163.4,10765
09/07/2014 10:15,2163.4,2163.6,2162,2163.2,9269
09/07/2014 10:20,2163,2163.2,2161.4,2162.6,7965
09/07/2014 10:25,2162.4,2162.6,2160.6,2160.6,8662
09/07/2014 10:30,2160.6,2161.8,2157.2,2157.2,20581
09/07/2014 10:35,2157,2160.2,2157,2159.4,10643
09/07/2014 10:40,2159.4,2160.8,2159.2,2159.2,8446
09/07/2014 10:45,2159.2,2160.6,2159,2159.2,5120
09/07/2014 10:50,2159.4,2161.4,2159.2,2161,5857
09/07/2014 10:55,2160.8,2161,2159,2159.2,5782
09/07/2014 11:00,2159.2,2160.4,2158.8,2159.2,4603
09/07/2014 11:05,2159,2159.6,2158.6,2159.6,4549
09/07/2014 11:10,2159.4,2159.4,2156.4,2158.2,9995
09/07/2014 11:15,2158.6,2159.8,2157.6,2158.4,5830
09/07/2014 11:20,2158,2158.8,2155.6,2155.8,8860
09/07/2014 11:25,2155.8,2159.2,2155.8,2158.8,9663
09/07/2014 12:55,2158.6,2158.6,2158.6,2158.6,137
09/07/2014 13:00,2158.8,2159.6,2158.4,2159,4861
09/07/2014 13:05,2159,2160.4,2158.8,2160.4,4705
09/07/2014 13:10,2160.4,2161.8,2159.4,2161.6,8173
09/07/2014 13:15,2161.8,2161.8,2160.2,2160.4,6221
09/07/2014 13:20,2160.4,2160.8,2159.6,2160.8,4948
09/07/2014 13:25,2160.6,2162.6,2160.2,2162.4,8671
09/07/2014 13:30,2162.2,2162.6,2159.6,2159.6,7532
09/07/2014 13:35,2159.8,2160.4,2157.4,2157.4,9423
09/07/2014 13:40,2157.4,2157.8,2152.8,2153.4,22588
09/07/2014 13:45,2153.2,2154.4,2152.2,2153.2,11415
09/07/2014 13:50,2153,2153.8,2150.8,2152,14799
09/07/2014 13:55,2152,2153.4,2151,2151,9588
09/07/2014 14:00,2150.8,2150.8,2141.2,2142.4,35571
09/07/2014 14:05,2142.4,2142.8,2133.4,2138.6,29171
09/07/2014 14:10,2138.2,2141.2,2138.2,2138.8,14211
09/07/2014 14:15,2138.8,2140.4,2136.6,2138.2,12194
09/07/2014 14:20,2138.4,2138.8,2136.4,2137.6,9009
09/07/2014 14:25,2137.4,2140.2,2137.4,2139.6,9220
09/07/2014 14:30,2139.4,2140,2137.6,2138.8,8554
09/07/2014 14:35,2138.8,2142.8,2138.8,2142,14570
09/07/2014 14:40,2142.2,2143,2141.2,2142,8547
09/07/2014 14:45,2142.2,2142.4,2139.4,2139.4,9124
09/07/2014 14:50,2139.4,2141.2,2138.4,2138.4,8565
09/07/2014 14:55,2138.8,2139,2135.6,2136.8,12237
09/07/2014 15:00,2136.8,2137.2,2134.2,2134.8,8295
09/07/2014 15:05,2134.8,2135.4,2133,2134.8,11591
09/07/2014 15:10,2134.8,2137.8,2131.6,2137.8,16467
10/07/2014 09:10,2133.8,2135,2133.8,2135,728
10/07/2014 09:15,2134.2,2136.8,2133.8,2136.8,9706
10/07/2014 09:20,2136.8,2136.8,2135,2135.6,4091
10/07/2014 09:25,2135.8,2136,2133.6,2136,5414
10/07/2014 09:30,2135.8,2137.6,2135,2135.8,8009
10/07/2014 09:35,2135.8,2136.8,2134.6,2136,5695
10/07/2014 09:40,2136,2137.2,2132.6,2132.6,8703
10/07/2014 09:45,2133,2137,2132.8,2136,11029
10/07/2014 09:50,2136,2137,2135.6,2136.6,6337
10/07/2014 09:55,2136.4,2137.8,2136.4,2137.2,7273
10/07/2014 10:00,2137.4,2137.4,2135.8,2137,6042
10/07/2014 10:05,2137,2138.6,2136.8,2138.6,9608
10/07/2014 10:10,2138.8,2138.8,2136.4,2137.8,7023
10/07/2014 10:15,2137.8,2137.8,2135.4,2135.6,5998
10/07/2014 10:20,2135.6,2136.4,2135.2,2135.8,4934
10/07/2014 10:25,2136.2,2136.2,2134.6,2134.6,5475
10/07/2014 10:30,2134.6,2135.8,2134.6,2135.2,4074
10/07/2014 10:35,2135.2,2136.6,2134.6,2135,5878
10/07/2014 10:40,2135,2136.2,2133.6,2135.6,9191
10/07/2014 10:45,2136.2,2137.6,2136,2136.6,8464
10/07/2014 10:50,2136.4,2137.2,2135,2135.4,5082
10/07/2014 10:55,2135.4,2136.2,2134.6,2134.8,4821
10/07/2014 11:00,2134.8,2135.8,2133.8,2135.6,6024
10/07/2014 11:05,2135.6,2136.6,2134.2,2135.2,6518
10/07/2014 11:10,2135.2,2136.8,2135,2136.6,5063
10/07/2014 11:15,2136.4,2137.4,2135.8,2135.8,5940
10/07/2014 11:20,2135.8,2137.4,2135.8,2136.8,5179
10/07/2014 11:25,2136.6,2139.8,2136.2,2136.8,11909
10/07/2014 12:55,2136.8,2137,2136.8,2137,103
10/07/2014 13:00,2137,2139,2136.6,2138.6,6517
10/07/2014 13:05,2138.6,2139,2137.6,2138,5133
10/07/2014 13:10,2138,2141,2137.8,2140.2,11146
10/07/2014 13:15,2140.6,2140.6,2138.8,2139.4,5987
10/07/2014 13:20,2139.4,2140.2,2138.4,2138.4,7249
10/07/2014 13:25,2138.4,2139.2,2137.4,2137.4,7641
10/07/2014 13:30,2137.4,2138.6,2137.4,2138.2,6091
10/07/2014 13:35,2138.2,2138.4,2137,2137.8,4893
10/07/2014 13:40,2138,2138.8,2137.4,2138.4,4856
10/07/2014 13:45,2138.4,2138.6,2135.6,2135.8,7245
10/07/2014 13:50,2135.8,2136.4,2135.2,2135.8,7175
10/07/2014 13:55,2135.8,2137.4,2135.6,2137.2,4925
10/07/2014 14:00,2137.4,2138.4,2136.6,2138.2,7692
10/07/2014 14:05,2138.4,2138.4,2136.6,2136.6,4937
10/07/2014 14:10,2136.6,2137.8,2136.6,2137.2,3419
10/07/2014 14:15,2137.2,2139.6,2137.2,2138.4,8517
10/07/2014 14:20,2138.2,2139,2137.6,2137.8,5073
10/07/2014 14:25,2138,2138.2,2136.2,2136.2,7629
10/07/2014 14:30,2136.2,2137.6,2136.2,2136.4,5004
10/07/2014 14:35,2136.6,2136.6,2133.2,2133.4,13232
10/07/2014 14:40,2133.6,2134.8,2133.2,2133.2,7740
10/07/2014 14:45,2133.2,2134,2129.2,2131.4,17251
10/07/2014 14:50,2131,2133.2,2130.4,2133.2,9158
10/07/2014 14:55,2133,2133.4,2132.4,2133.4,5764
10/07/2014 15:00,2133.4,2134.4,2132.8,2133.6,8833
10/07/2014 15:05,2133.6,2133.8,2132.6,2133.8,3864
10/07/2014 15:10,2133.8,2134.2,2132.4,2134.2,8478
11/07/2014 09:10,2131.6,2132,2131.6,2132,874
11/07/2014 09:15,2132.4,2135.4,2132.4,2134.4,9383
11/07/2014 09:20,2134.4,2137,2134.4,2135.6,6143
11/07/2014 09:25,2135.6,2136,2134.6,2136,4338
11/07/2014 09:30,2135.8,2136,2133.8,2134.4,6968
11/07/2014 09:35,2134.2,2136.4,2134,2136,6706
11/07/2014 09:40,2136,2137.2,2135.6,2136.8,8769
11/07/2014 09:45,2137,2137.8,2136.2,2137.2,8266
11/07/2014 09:50,2137.2,2137.4,2136.2,2136.6,5131
11/07/2014 09:55,2136.6,2139,2136,2138.8,10715
11/07/2014 10:00,2138.8,2140.2,2138,2138.4,11614
11/07/2014 10:05,2138.6,2142.6,2138,2142.4,14808
11/07/2014 10:10,2142.2,2145.4,2141.4,2145.4,21259
11/07/2014 10:15,2145.6,2147,2143.6,2145.2,19073
11/07/2014 10:20,2145.2,2147.8,2144.8,2146.8,16577
11/07/2014 10:25,2146.4,2146.6,2144.4,2145,9401
11/07/2014 10:30,2144.8,2147.6,2144.6,2145,10981
11/07/2014 10:35,2145.4,2149,2145.2,2146.4,15063
11/07/2014 10:40,2146.6,2149.8,2146.2,2149.2,13344
11/07/2014 10:45,2149.2,2151,2147.4,2147.8,14042
11/07/2014 10:50,2147.6,2148.8,2143.4,2144.2,17063
11/07/2014 10:55,2144.4,2147.4,2144.2,2146.8,9687
11/07/2014 11:00,2147,2148,2144.6,2144.6,9696
11/07/2014 11:05,2144.6,2145.8,2142.6,2143.8,12078
11/07/2014 11:10,2143.6,2144.2,2141.6,2141.8,11232
11/07/2014 11:15,2141.6,2145.4,2141.6,2145,12464
11/07/2014 11:20,2145.2,2145.2,2142.2,2143.2,7753
11/07/2014 11:25,2143,2143.8,2142,2143.4,7413
11/07/2014 12:55,2142.8,2143.2,2142.8,2143.2,183
11/07/2014 13:00,2143.2,2145.4,2142.6,2143,8507
11/07/2014 13:05,2143,2144,2142.6,2143.2,5497
11/07/2014 13:10,2143.4,2145.2,2143,2145,6149
11/07/2014 13:15,2144.8,2147,2144.8,2147,11151
11/07/2014 13:20,2147.2,2147.8,2146.2,2147,7535
11/07/2014 13:25,2147,2147.6,2146.4,2147.2,5819
11/07/2014 13:30,2147.2,2150,2147.2,2149.6,13121
11/07/2014 13:35,2149.6,2150.6,2148.6,2149.4,10155
11/07/2014 13:40,2149.6,2149.6,2144.4,2145.6,17584
11/07/2014 13:45,2145.4,2145.6,2142,2142,13657
11/07/2014 13:50,2142,2142,2138.8,2140.2,22639
11/07/2014 13:55,2140,2143.4,2139.8,2140.8,10927
11/07/2014 14:00,2140.8,2141.8,2140.2,2140.6,6550
11/07/2014 14:05,2140.8,2142,2138,2139.2,12057
11/07/2014 14:10,2139,2139.8,2138,2138,8019
11/07/2014 14:15,2138,2140.8,2138,2139.8,7270
11/07/2014 14:20,2139.6,2141,2138.6,2140,7952
11/07/2014 14:25,2140,2140.2,2138.4,2139.6,6389
11/07/2014 14:30,2139.2,2139.4,2137.2,2137.4,11943
11/07/2014 14:35,2137.4,2139.4,2137,2138.6,7798
11/07/2014 14:40,2139,2139.8,2138.6,2139.2,6164
11/07/2014 14:45,2139.2,2139.4,2138.4,2138.8,4314
11/07/2014 14:50,2138.8,2139.8,2137.8,2139.6,7197
11/07/2014 14:55,2139.6,2140.6,2138.8,2139,7262
11/07/2014 15:00,2138.8,2139.2,2137.8,2138.6,6482
11/07/2014 15:05,2138.4,2139.2,2138,2138.8,4507
11/07/2014 15:10,2138.6,2139.2,2138,2138.8,10251
14/07/2014 09:10,2141,2141.6,2141,2141.6,659
14/07/2014 09:15,2141.8,2145.4,2141.8,2145.2,11788
14/07/2014 09:20,2145.2,2145.2,2144,2144.6,3856
14/07/2014 09:25,2145,2146,2143.4,2143.8,5877
14/07/2014 09:30,2143.6,2145.6,2143.6,2144,5712
14/07/2014 09:35,2144.4,2144.8,2141.2,2142,8524
14/07/2014 09:40,2142.4,2143.2,2141.4,2143,6649
14/07/2014 09:45,2143,2144.6,2141.8,2142,6554
14/07/2014 09:50,2142,2145.2,2141.8,2144.8,7074
14/07/2014 09:55,2144.8,2146.8,2144.2,2146.2,11358
14/07/2014 10:00,2146.2,2146.4,2143.8,2144.2,7318
14/07/2014 10:05,2144,2146,2144,2144.6,5678
14/07/2014 10:10,2144.4,2144.6,2142.6,2143.4,9013
14/07/2014 10:15,2143.2,2144,2142.4,2142.8,5466
14/07/2014 10:20,2142.4,2142.6,2140.6,2142,9259
14/07/2014 10:25,2142,2143,2141.8,2142,4706
14/07/2014 10:30,2142,2143.4,2139,2139.2,12647
14/07/2014 10:35,2139.4,2140,2138.6,2138.6,6863
14/07/2014 10:40,2138.8,2140.8,2138.6,2140.6,5718
14/07/2014 10:45,2140.6,2141.6,2140,2140.6,4909
14/07/2014 10:50,2140.6,2143.6,2140.6,2143.4,8100
14/07/2014 10:55,2143.4,2145.2,2143,2145,8861
14/07/2014 11:00,2145.2,2145.2,2143.4,2143.8,5791
14/07/2014 11:05,2143.8,2144.8,2143.2,2143.8,5321
14/07/2014 11:10,2143.8,2146.2,2142.2,2145.6,11613
14/07/2014 11:15,2145.8,2146,2144.2,2144.8,7018
14/07/2014 11:20,2144.8,2144.8,2143.4,2144.8,5373
14/07/2014 11:25,2144.8,2148.6,2144.4,2147.6,14512
14/07/2014 12:55,2148,2148,2148,2148,129
14/07/2014 13:00,2148.4,2149.8,2147.4,2149.6,11725
14/07/2014 13:05,2149.6,2155.8,2149,2155.8,26842
14/07/2014 13:10,2155.6,2157.6,2153.4,2157.6,15809
14/07/2014 13:15,2157.6,2159.4,2155.8,2157.6,17589
14/07/2014 13:20,2157.2,2157.4,2155.4,2156,10441
14/07/2014 13:25,2156.2,2156.6,2153,2153.4,13718
14/07/2014 13:30,2153,2156.2,2153,2155.8,10407
14/07/2014 13:35,2155.6,2156.6,2155,2156.2,7455
14/07/2014 13:40,2156.2,2158.6,2154.4,2154.8,13434
14/07/2014 13:45,2154.6,2161.4,2154,2160.6,16031
14/07/2014 13:50,2160.4,2160.6,2157.6,2159,13137
14/07/2014 13:55,2159,2162.2,2158.2,2161.8,14533
14/07/2014 14:00,2161.8,2161.8,2158.6,2160.8,12179
14/07/2014 14:05,2160.6,2160.6,2157,2159,11936
14/07/2014 14:10,2158.8,2161,2157.8,2160.6,7842
14/07/2014 14:15,2160.4,2163,2158.4,2158.8,13012
14/07/2014 14:20,2158.8,2160,2158.2,2159,6276
14/07/2014 14:25,2158.8,2160.6,2157.8,2160.2,7849
14/07/2014 14:30,2160,2161.6,2159.6,2160.4,7704
14/07/2014 14:35,2160.4,2164,2160.2,2162.6,14330
14/07/2014 14:40,2162.6,2165.8,2162.6,2165.4,15135
14/07/2014 14:45,2165.6,2165.6,2163.4,2163.6,8400
14/07/2014 14:50,2163.6,2165.2,2162.6,2164.6,8720
14/07/2014 14:55,2164.6,2166,2164.2,2165.4,7843
14/07/2014 15:00,2165,2165.6,2163.8,2164.4,7473
14/07/2014 15:05,2164.2,2164.6,2163,2163,7639
14/07/2014 15:10,2163.4,2164.4,2161.8,2162.6,14613
15/07/2014 09:10,2165,2165,2164.8,2164.8,989
15/07/2014 09:15,2164.6,2164.6,2162.4,2163,9125
15/07/2014 09:20,2163,2163.4,2161.4,2161.4,5142
15/07/2014 09:25,2161.2,2163.6,2161.2,2162.8,5448
15/07/2014 09:30,2162.8,2164,2162.2,2163,6779
15/07/2014 09:35,2162.8,2168.4,2162.4,2167.6,15467
15/07/2014 09:40,2167.2,2169,2166.6,2167.4,13796
15/07/2014 09:45,2167.4,2167.8,2166.2,2167.2,7469
15/07/2014 09:50,2167,2167.2,2165.2,2166.4,7491
15/07/2014 09:55,2166,2167.2,2165.2,2165.6,6867
15/07/2014 10:00,2165.8,2167.4,2164,2164,8364
15/07/2014 10:05,2164.2,2165,2162,2162,10223
15/07/2014 10:10,2162.2,2163,2160.6,2160.6,9461
15/07/2014 10:15,2160.8,2163,2160.6,2162.6,9927
15/07/2014 10:20,2162.4,2164.8,2162.4,2164.6,8996
15/07/2014 10:25,2164.6,2165.4,2164.2,2165,9179
15/07/2014 10:30,2164.8,2166.4,2163.6,2166,9785
15/07/2014 10:35,2166,2166.8,2164.2,2164.2,8986
15/07/2014 10:40,2164.4,2164.4,2163,2163.4,7731
15/07/2014 10:45,2163.4,2164.4,2162.8,2164,5836
15/07/2014 10:50,2164,2166.2,2164,2165.2,7654
15/07/2014 10:55,2165.4,2166.6,2164.8,2166.2,5835
15/07/2014 11:00,2166.2,2167,2165,2167,6538
15/07/2014 11:05,2166.8,2167,2164,2165.2,8185
15/07/2014 11:10,2165.2,2165.6,2163.8,2164.4,7815
15/07/2014 11:15,2164.6,2164.8,2163.6,2164,6392
15/07/2014 11:20,2164,2164.8,2162.8,2164.4,7660
15/07/2014 11:25,2164.4,2165.4,2163.8,2165,5025
15/07/2014 12:55,2165.2,2165.2,2165,2165,80
15/07/2014 13:00,2165.4,2165.8,2164.6,2164.8,5084
15/07/2014 13:05,2164.8,2164.8,2162.8,2163,7549
15/07/2014 13:10,2163,2164,2162.8,2163.2,4803
15/07/2014 13:15,2163.6,2165,2163.2,2164.2,5416
15/07/2014 13:20,2164,2166.6,2164,2166,8935
15/07/2014 13:25,2165.8,2166.4,2164.8,2165.2,5969
15/07/2014 13:30,2165.2,2165.2,2162.4,2162.4,10867
15/07/2014 13:35,2162.2,2163.4,2161.4,2161.8,9201
15/07/2014 13:40,2161.6,2163.4,2161.4,2162.8,6134
15/07/2014 13:45,2163,2163.4,2160.6,2161.2,9461
15/07/2014 13:50,2161.2,2162,2159.2,2160.6,13115
15/07/2014 13:55,2160.6,2161.6,2159.6,2159.6,6373
15/07/2014 14:00,2159.6,2160.2,2158,2159.2,11962
15/07/2014 14:05,2158.8,2159.8,2158.8,2159.8,4536
15/07/2014 14:10,2159.6,2162.2,2159.2,2161.6,10103
15/07/2014 14:15,2161.6,2163,2161.4,2163,8158
15/07/2014 14:20,2162.8,2163.2,2162.2,2163,6020
15/07/2014 14:25,2163,2164.2,2162.6,2164.2,7252
15/07/2014 14:30,2164,2164.2,2162.6,2163.6,7177
15/07/2014 14:35,2163.6,2164.4,2163.2,2163.4,6044
15/07/2014 14:40,2163.8,2164.4,2163,2163.8,6348
15/07/2014 14:45,2163.8,2164.2,2162.8,2163.2,5123
15/07/2014 14:50,2163.6,2164.2,2163.4,2163.6,4227
15/07/2014 14:55,2163.6,2164.4,2163.4,2164.2,5097
15/07/2014 15:00,2164.6,2165,2163.8,2164.2,5776
15/07/2014 15:05,2164.2,2164.6,2163,2163.2,5313
15/07/2014 15:10,2163.6,2163.6,2162.6,2163.4,8693
16/07/2014 09:10,2164,2164,2163.6,2163.6,672
16/07/2014 09:15,2163.6,2167.4,2163.4,2166,9943
16/07/2014 09:20,2165.8,2166.4,2165.2,2166.4,3567
16/07/2014 09:25,2166.4,2166.4,2164.2,2164.4,4491
16/07/2014 09:30,2164.8,2166,2163.6,2165.4,6370
16/07/2014 09:35,2165.4,2167.6,2165.4,2166.6,8556
16/07/2014 09:40,2166.6,2172.8,2166.4,2172.4,21172
16/07/2014 09:45,2172.6,2174.8,2172.4,2173.8,16777
16/07/2014 09:50,2173.8,2174.4,2168.4,2170,16276
16/07/2014 09:55,2170.4,2171.6,2169,2171,10564
16/07/2014 10:00,2171,2172.8,2166.6,2167.4,19343
16/07/2014 10:05,2167.6,2168.2,2164.8,2166.4,14003
16/07/2014 10:10,2166.4,2167.4,2165.2,2167.2,7720
16/07/2014 10:15,2167.2,2169,2167,2168,8513
16/07/2014 10:20,2168,2170.8,2168,2170.8,9365
16/07/2014 10:25,2170.6,2171.6,2169.4,2169.4,8098
16/07/2014 10:30,2169.8,2170.4,2167,2167.2,9807
16/07/2014 10:35,2167.2,2169.6,2167.2,2168.4,6184
16/07/2014 10:40,2168.4,2168.4,2165.4,2165.4,9976
16/07/2014 10:45,2165.4,2166.6,2165,2166.2,7942
16/07/2014 10:50,2166.2,2167.8,2165.6,2167.8,7305
16/07/2014 10:55,2168,2168.2,2166.2,2167,5900
16/07/2014 11:00,2166.8,2167.6,2165,2167,6911
16/07/2014 11:05,2166.8,2167.2,2165.2,2166.8,5909
16/07/2014 11:10,2166.8,2169.2,2166.4,2169,9667
16/07/2014 11:15,2169,2170.2,2168.2,2170,8735
16/07/2014 11:20,2170,2170,2168,2168.8,6796
16/07/2014 11:25,2169,2170.8,2168.4,2170,6736
16/07/2014 12:55,2170,2170,2170,2170,73
16/07/2014 13:00,2170,2171,2168.6,2169.6,6478
16/07/2014 13:05,2169.4,2169.8,2166.4,2166.6,8155
16/07/2014 13:10,2166.8,2168.2,2166.6,2168,5601
16/07/2014 13:15,2168,2169.6,2167.6,2168.2,6101
16/07/2014 13:20,2168.2,2169,2166.4,2166.6,6570
16/07/2014 13:25,2166.4,2167.2,2165.2,2165.2,7322
16/07/2014 13:30,2165.2,2167.2,2164.2,2164.6,10192
16/07/2014 13:35,2164.4,2164.4,2162.6,2163,12774
16/07/2014 13:40,2163,2164.2,2162,2163.2,9883
16/07/2014 13:45,2163.2,2164.8,2163,2164.2,6374
16/07/2014 13:50,2164,2165.2,2163.4,2164.8,5418
16/07/2014 13:55,2164.6,2165.2,2163.6,2163.6,4209
16/07/2014 14:00,2163.4,2164.4,2162.8,2164.2,7468
16/07/2014 14:05,2164.2,2167,2164.2,2166.6,9682
16/07/2014 14:10,2166.4,2166.8,2165.8,2165.8,5733
16/07/2014 14:15,2166,2166.8,2165.2,2165.6,5021
16/07/2014 14:20,2165.6,2166.4,2165,2165.6,4805
16/07/2014 14:25,2165.8,2166,2164,2164,5681
16/07/2014 14:30,2164.2,2164.8,2163.6,2163.6,6101
16/07/2014 14:35,2163.8,2165.4,2163.4,2165.2,6037
16/07/2014 14:40,2165,2165.8,2163.6,2164.2,6749
16/07/2014 14:45,2164,2165,2164,2164.2,3027
16/07/2014 14:50,2164.6,2164.6,2162.6,2163,7943
16/07/2014 14:55,2163.2,2163.8,2163,2163.4,3690
16/07/2014 15:00,2163,2164.4,2163,2163.4,4097
16/07/2014 15:05,2163.2,2163.6,2162.8,2163.2,4483
16/07/2014 15:10,2163,2164,2162.2,2164,8458
17/07/2014 09:10,2163,2163.4,2163,2163.4,479
17/07/2014 09:15,2163.6,2165,2163,2164.4,5172
17/07/2014 09:20,2164.4,2165,2163.8,2163.8,2739
17/07/2014 09:25,2163.8,2164,2157.4,2157.6,12257
17/07/2014 09:30,2157.6,2160.4,2153.6,2156.6,15797
17/07/2014 09:35,2157,2160,2156.6,2158.8,6738
17/07/2014 09:40,2158.8,2160,2158,2158,5212
17/07/2014 09:45,2158,2158,2155.6,2156.2,6243
17/07/2014 09:50,2156.4,2156.4,2153.4,2154.6,8057
17/07/2014 09:55,2154.4,2156.4,2152.2,2155.8,9516
17/07/2014 10:00,2155.8,2157.2,2155.2,2156.6,5069
17/07/2014 10:05,2156.8,2157.2,2155,2157.2,3711
17/07/2014 10:10,2157,2157.4,2155.2,2157,4885
17/07/2014 10:15,2157,2158,2154.4,2154.8,6683
17/07/2014 10:20,2154.8,2157,2154.8,2156,3499
17/07/2014 10:25,2156,2157.2,2155,2155,2932
17/07/2014 10:30,2155,2156.4,2154.2,2155.8,5419
17/07/2014 10:35,2155.6,2156.8,2154.8,2156.4,3524
17/07/2014 10:40,2156.4,2156.6,2155.4,2155.4,2392
17/07/2014 10:45,2155.6,2156.8,2154.4,2156.6,4334
17/07/2014 10:50,2156.4,2156.8,2154.8,2155.4,3439
17/07/2014 10:55,2155.2,2156.2,2152.6,2153.6,7026
17/07/2014 11:00,2153.8,2155,2151.2,2152.2,7606
17/07/2014 11:05,2151.8,2153.8,2151.6,2153.6,3846
17/07/2014 11:10,2153.6,2153.8,2152.2,2152.2,3176
17/07/2014 11:15,2152.2,2153.2,2151.6,2151.6,3192
17/07/2014 11:20,2151.8,2153.6,2150.6,2150.6,4069
17/07/2014 11:25,2150.6,2151,2147.6,2149.2,11184
17/07/2014 12:55,2149,2149,2149,2149,74
17/07/2014 13:00,2148.8,2149,2146.6,2147.6,5260
17/07/2014 13:05,2147.4,2148.6,2147.4,2148.2,2532
17/07/2014 13:10,2148,2149.6,2147.8,2149.4,3321
17/07/2014 13:15,2149.4,2149.4,2148,2148,2731
17/07/2014 13:20,2148,2149.4,2148,2149.2,2870
17/07/2014 13:25,2149.4,2151.6,2149,2151.6,4950
17/07/2014 13:30,2151.8,2151.8,2150.2,2150.4,3390
17/07/2014 13:35,2150.4,2151.4,2148.6,2148.6,4637
17/07/2014 13:40,2148.8,2150.2,2148.2,2149.8,2966
17/07/2014 13:45,2149.6,2150.4,2148.4,2149.2,2355
17/07/2014 13:50,2149,2149.8,2148.6,2149,1965
17/07/2014 13:55,2149.2,2149.8,2149,2149.6,1681
17/07/2014 14:00,2149.6,2149.6,2143.8,2144.4,8710
17/07/2014 14:05,2144.6,2145.6,2143.6,2144.6,6013
17/07/2014 14:10,2144.6,2146.2,2144.6,2145.4,3017
17/07/2014 14:15,2145,2146,2144.8,2145,2013
17/07/2014 14:20,2145,2147.4,2145,2147,3569
17/07/2014 14:25,2147,2147.2,2146.2,2147,2200
17/07/2014 14:30,2147,2148,2145.6,2147.8,4127
17/07/2014 14:35,2148,2149.4,2147,2149.4,3454
17/07/2014 14:40,2149.4,2150.2,2148.6,2150.2,4889
17/07/2014 14:45,2150.6,2154.8,2150,2154,11699
17/07/2014 14:50,2154,2154,2152.6,2153.6,3754
17/07/2014 14:55,2153.8,2154.6,2152.6,2154.2,3775
17/07/2014 15:00,2154.4,2154.4,2153.2,2153.6,2834
17/07/2014 15:05,2153.6,2154.8,2153.2,2154.4,2826
17/07/2014 15:10,2154,2156,2151,2151,4625
18/07/2014 09:10,2149.2,2150,2149.2,2149.6,292
18/07/2014 09:15,2149.6,2152.8,2149.6,2149.6,3199
18/07/2014 09:20,2149.6,2150.8,2149.2,2150.2,2638
18/07/2014 09:25,2150.2,2150.4,2148,2149.4,2296
18/07/2014 09:30,2149.6,2151,2149.4,2150.4,1972
18/07/2014 09:35,2150.4,2153.4,2150.2,2152.6,2370
18/07/2014 09:40,2152.4,2155,2152.4,2155,1785
18/07/2014 09:45,2155,2155,2152.4,2153,1974
18/07/2014 09:50,2152.2,2155,2152.2,2154.6,2011
18/07/2014 09:55,2154.4,2159.2,2154.4,2158.2,3879
18/07/2014 10:00,2157.8,2159,2156.8,2158.4,2520
18/07/2014 10:05,2158.4,2158.4,2156.4,2157.8,1766
18/07/2014 10:10,2157.6,2158.4,2156.6,2157.8,1652
18/07/2014 10:15,2157.8,2162.6,2157.8,2161.6,3862
18/07/2014 10:20,2161.6,2163.4,2161.2,2161.6,2754
18/07/2014 10:25,2161.8,2162.6,2161,2161,1527
18/07/2014 10:30,2161,2162.2,2160.8,2162.2,1599
18/07/2014 10:35,2162.4,2162.4,2159,2159,2210
18/07/2014 10:40,2159.2,2165,2159,2164.2,2421
18/07/2014 10:45,2164,2165,2162.2,2162.8,2008
18/07/2014 10:50,2162.6,2164.8,2162.2,2164,1626
18/07/2014 10:55,2164,2166,2163.8,2165.8,2693
18/07/2014 11:00,2166,2169.4,2166,2167,2917
18/07/2014 11:05,2167.2,2167.8,2166.2,2167.8,1843
18/07/2014 11:10,2168,2168.8,2166,2167.4,1935
18/07/2014 11:15,2167.4,2168,2166.6,2167.4,1052
18/07/2014 11:20,2167.2,2169.4,2166.6,2167,2017
18/07/2014 11:25,2167,2169,2166.6,2168.8,985
18/07/2014 12:55,2168.4,2168.8,2168.4,2168.8,11
18/07/2014 13:00,2169.2,2169.2,2165,2165.2,1373
18/07/2014 13:05,2165.2,2167.8,2165,2167.2,1273
18/07/2014 13:10,2167.2,2170.2,2167.2,2170.2,2197
18/07/2014 13:15,2170.2,2172,2170,2171.6,2135
18/07/2014 13:20,2171.6,2172,2169.2,2169.2,1376
18/07/2014 13:25,2169,2170,2167.6,2167.8,1423
18/07/2014 13:30,2167.8,2168.4,2167,2167.6,1111
18/07/2014 13:35,2167.8,2169.2,2167.8,2168.6,550
18/07/2014 13:40,2168.6,2168.6,2167,2167.6,1562
18/07/2014 13:45,2167.4,2168.4,2167.2,2168.4,915
18/07/2014 13:50,2168.2,2168.4,2167.8,2168,508
18/07/2014 13:55,2168,2168.4,2167.8,2167.8,558
18/07/2014 14:00,2167.8,2168.2,2165.2,2165.2,1967
18/07/2014 14:05,2165,2166,2164.8,2166,756
18/07/2014 14:10,2166.2,2166.8,2166,2166.6,511
18/07/2014 14:15,2166.6,2167.4,2166.4,2166.8,532
18/07/2014 14:20,2167,2167.8,2167,2167.8,770
18/07/2014 14:25,2167.6,2167.8,2167.2,2167.6,643
18/07/2014 14:30,2167.4,2167.6,2167.2,2167.6,1194
18/07/2014 14:35,2167.6,2167.6,2167.2,2167.2,707
18/07/2014 14:40,2167.4,2167.6,2167.2,2167.4,524
18/07/2014 14:45,2167.4,2167.6,2167.2,2167.4,1051
18/07/2014 14:50,2167.4,2167.6,2167.2,2167.6,1375
18/07/2014 14:55,2167.4,2167.6,2167.2,2167.4,1370
